id,company_name,company_address,company_description,seller_name,seller_id,business_type_name,business_type_id,created_at,updated_at
3,Soltherm,"205, 2nd Floor Palika Bazar, Lucknow - 226024, Uttar Pradesh, India","Welcome to our website, We are committed to make our mother planet even more pleasant place to live in, by developing sustainable, dependable, technologies, products and services for even more green, environment friendly, reducing carbon footprint. We the human beings have been endowed with a distinctive reasoning capacity and innovative nature since inception of our civilization. Technological development is an intrinsic property of humanity. Since very inception of the human civilization we have traveled a long journey of development and technological advancements as per the requirements of time.   That is to say human mind have enormous capabilities for undertaking innovations and developments of new technologies as and when the need is arises. Eventually our enthusiasm has been aroused in the domain of sustainable energy solutions, along with taking care of our mother planet, against the potential menace of global warming, environmental pollutions. We invite you all to join hands w",Akash more,3,Service Provider,1,2025-07-09 10:39:56.480094,2025-10-16 12:45:23.253929
13,Cosmos Pumps Private Limited,"DLF Industrial Area, I-23, Phase-1, Sec-32, Faridabad - 121003, Haryana, India","Established in the year of 2021, we “Cosmos Pumps Private Limited” are Manufacturer of a Dewatering Pump, Submersible Pump, Diesel Dewatering Pump, etc. We direct all our activities to cater the expectations of customers by providing them excellent quality products as per their gratification. Moreover, we follow moral business policies and crystal pure transparency in all our transactions to keep healthy relations with the customers. For our accomplishment story, we are grateful to our mentor Mr. Ankit Jain,whose continual backing and direction have been useful to us for attaining exponential development in the current market.",Akash More,13,Service Provider,1,2025-07-16 10:17:28.725868,2025-10-16 13:05:45.035733
43,Ajeet Management & Manpower Consultancy,Road Shivaji Chowk Office No-26 2nd Floor JK Plaza MTNL,"stablished in 2006, we, Ajeet Management & Manpower Consultancy are the service provider of Hospitality Recruitment Services, Oil and Gas Recruitment Service, Civil Recruitment Service, Engineer Recruitment Service, Factory Staff Recruitment Service, MEP Recruitment Service, Refinery, Petrochemical Recruitment Services, Cement Plant Recruitment Services, Marine Shipyard Recruitment Services, Contractual Recruitment Services, Retail Departmental Recruitment Services, Plastic and Fiber Plant Recruitment Services, Security Recruitment Services, Steel Plant Recruitment Services, Cruise Liner Recruitment Services, Aluminum Glass Recruitment Service, Facility Management Recruitment Services, Construction Recruitment Service, Catering Staff Services, Hotel Caterer Recruitment Service, Steel Sector Recruitment Service, IT Recruitment Services, Banking and Finance Recruitment Services, Media Recruitment Services, Agricultural Recruitment Service, Outsourcing Payroll Compliance Services, Placeme",Satish kamble,43,Service Provider,1,2025-10-16 09:36:08.076654,2025-10-16 13:20:15.646395
67,Priority Networks,"Second floor, plot no.170, Pramukh Darshan Apartment, Katargam Vasta Devdi Road, Opp Community Hall, Surat - 395004, Gujrat, India","Priority Networks is an innovative technology solutions company focused on building and managing advanced networking and IT infrastructure. Our expertise spans network design, implementation, cybersecurity, cloud integration, and managed IT services.
We are committed to providing seamless connectivity, enhanced performance, and reliable support—ensuring that our clients’ networks always remain their top priority.
With a team of skilled professionals and a customer-first approach, Priority Networks helps businesses stay connected, secure, and competitive in a rapidly evolving digital landscape.",Samir Jain,67,Service Provider,1,2025-10-17 07:12:54.594435,2025-10-17 07:30:16.499148
71,Kumar Agro,"7th Floor, F-7,Plot No.16, A- Block, Tagor Nagar,Nr.200 FT, Jaipur - 302021, Rajasthan, India","Kumar Agro Products Pvt. Ltd. is a diversified agribusiness enterprise engaged in the processing, manufacturing, and marketing of high-quality agricultural and food products. Established with a vision to enhance value across the agri-supply chain, the company operates in the segments of edible oils, oilseeds, grains, and agro commodities.
With modern infrastructure, advanced refining and packaging facilities, and strong supplier networks, Kumar Agro Products ensures that every product meets the highest standards of purity, freshness, and nutritional value. Our product range includes refined sunflower oil, groundnut oil, palmolein oil, and other edible oils, catering to both domestic and international markets.",Lalit Kumar,71,Exporter,3,2025-10-17 08:26:43.675486,2025-10-17 08:34:11.845691
14,Synova Laser Technologies India Private Limited,"Ground Floor, Plot No.164, Pramukh Darshan Apartment, Katargam Vasta Devdi Road, Opp Community Hall,, Surat - 395004, Gujarat, India","SYNOVA S.A., headquartered in Duillier, Switzerland, manufactures advanced laser cutting systems using its proprietary water jet guided laser (Laser MicroJet®) technology on industrial CNC platforms. Founded in 1997 by Bernold Richerzhagen, the innovation originated at EPFL Lausanne in the 1990s. The Laser MicroJet resolved major issues in traditional cutting and is now used across industries, including semiconductors, diamonds, and metals. With subsidiaries in the USA, Japan, India, Korea, Germany, and China, Synova employs 140 staff, including 30 engineers. The company partners with global leaders like Makino and institutions such as Fraunhofer ILT and Carl Zeiss Jena to advance precision machining and expand applications worldwide.",Sandeep Kumar,14,Manufacturing,4,2025-07-17 05:54:33.267217,2025-10-16 12:10:55.502152
64,Patil Scientific,"First Floor, 55/2, Adithya Nagar, Bengaluru -560097, Karnataka, India","Patil Scientific is a leading provider of scientific instruments, laboratory equipment, and technical solutions designed to support research, innovation, and industrial development. We are committed to delivering high-quality products and reliable services that empower scientists, engineers, and organizations to achieve excellence in their work.",Jayant Patil,64,Manufacturing,4,2025-10-17 06:47:44.739820,2025-10-17 07:26:18.108443
68,Kene Fianance,"830, Station Rd Nashik","Kene Finance is a forward-thinking fintech company focused on transforming the way people and businesses manage money. With a strong emphasis on transparency, trust, and technology, Kene Finance offers seamless digital payment solutions, efficient lending services, and smart financial tools designed to empower users and drive financial inclusion.
Our mission is to make finance simpler, smarter, and more accessible to everyone.",Arjun Kene,68,Manufacturing,4,2025-10-17 07:17:52.162700,2025-10-17 07:25:22.238534
70,Maruti Auto,"2nd Floor,F-2, plot no 12, D-Block, Tagor Nagar, Nr-200 FT, Jaipur - 302021, Rajasthan, India","Maruti Auto is a leading automotive manufacturer dedicated to designing, developing, and delivering innovative, reliable, and efficient vehicles that redefine modern mobility. The company operates across the entire automotive value chain — from research and development to manufacturing, marketing, and after-sales service — offering customers a comprehensive driving experience backed by quality and trust.
With advanced production facilities, cutting-edge technology, and a highly skilled engineering team, [Auto Company Name] produces a wide range of vehicles, including compact cars, sedans, SUVs, and commercial vehicles. Every product is crafted to meet global standards of safety, performance, and sustainability.
The company emphasizes continuous innovation, environmental responsibility, and customer satisfaction. Through the adoption of eco-friendly technologies, electric mobility solutions, and smart manufacturing systems, [Auto Company Name] is shaping the future of transporta",Vikram Patel,70,Manufacturing,4,2025-10-17 08:21:10.708657,2025-10-17 08:33:25.085043
